GreenLife Ásványvíz;651;114
Royal Sajt;556;302
FreshCo Mosogatószer;883;111
Quick&Go Vaj;308;287
Nova Vaj;1102;229
FreshCo Arckrém;2107;357
GreenLife Ablaktisztító;1136;110
HappyDay Chips;539;49
Quick&Go Cukorka;420;413
Royal Bor;405;498
Royal Mosópor;1700;424
Quick&Go Kézkrém;2375;360
MaxPower Ásványvíz;742;40
Nova Sajt;1338;232
Bella Keksz;513;107
Quick&Go Chips;800;87
EcoLine Dezodor;4586;194
MaxPower Popcorn;851;166
FreshCo Jegestea;796;205
MaxPower Chips;730;448
SmartShop Ropi;555;452
GreenLife Fertőtlenítő;1071;126
GreenLife Szappan;5588;219
Bella Parfüm;2596;70
HappyDay Borotvahab;1185;440
EcoLine Kóla;1014;305
Nova Sör;1108;270
FreshCo Popcorn;846;369
GreenLife Kávé;846;57
EcoLine Rágó;614;1
EcoLine Popcorn;669;467
Royal Energiaital;557;78
Royal Keksz;947;472
Quick&Go Sampon;3455;250
Bella Narancslé;779;122
Quick&Go Jegestea;311;43
Royal Mosópor;3636;64
Royal Olaj;876;135
Nova Hajbalzsam;2535;475
GreenLife Dezodor;4068;343
Royal Nápolyi;612;61
HappyDay Tészta;1584;10
MaxPower Szappan;5620;112
FreshCo Narancslé;618;34
HappyDay Almalé;637;142
Royal Papírtörlő;1041;370
SmartShop Hajbalzsam;2790;401
MaxPower Tisztítókendő;886;49
Nova Ablaktisztító;2183;239
FreshCo Narancslé;974;372
MaxPower Chips;346;97
EcoLine Borotvahab;4256;93
MaxPower Nápolyi;227;226
FreshCo Tusfürdő;5228;428
MaxPower Narancslé;490;208
MaxPower Szivacs;2142;462
Nova Kóla;154;199
GreenLife Nápolyi;583;356
EcoLine Borotvahab;2355;151
Quick&Go Kenyér;2420;31
FreshCo Csoki;748;244
EcoLine Szappan;1265;491
EcoLine Tusfürdő;1361;304
Nova Jegestea;395;482
Quick&Go Dezodor;5670;20
Nova Tusfürdő;5581;289
GreenLife Kézkrém;2473;342
GreenLife Ropi;555;67
Bella Nápolyi;919;479
SmartShop Ásványvíz;354;37
Royal Dezodor;2972;67
MaxPower Chips;528;145
Royal Olaj;1439;313
Royal Sampon;3252;477
GreenLife Kóla;386;455
EcoLine Kávé;707;144
Bella Dezodor;2467;351
SmartShop Popcorn;407;463
Nova Narancslé;716;22
EcoLine Almalé;686;82
Nova Szemeteszsák;2797;4
EcoLine Narancslé;223;427
Royal Szelet;301;220
GreenLife Kenyér;1693;460
MaxPower Almalé;661;341
Royal Almalé;982;498
MaxPower Fogkrém;2131;499
FreshCo Liszt;934;377
MaxPower Rágó;423;81
FreshCo Sör;1113;113
Bella Olaj;1450;420
FreshCo Tészta;991;204
HappyDay Mogyoró;941;142
Nova Popcorn;845;431
FreshCo Kézkrém;1744;449
Quick&Go Keksz;421;19
Nova Tea;857;373
Quick&Go Rágó;673;59
MaxPower Légfrissítő;1543;22
Royal Mosogatószer;3803;275
Nova Cukor;486;485
Bella Szelet;829;434
Royal Energiaital;783;341
Nova Ablaktisztító;3355;151
MaxPower Fogkrém;4244;340
Quick&Go Fertőtlenítő;2831;154
FreshCo Szemeteszsák;1744;146
Quick&Go Liszt;1519;238
MaxPower Szivacs;2593;242
GreenLife Sajt;2311;339
HappyDay Kézkrém;2724;344
MaxPower Ropi;300;12
SmartShop Jegestea;299;233
MaxPower Légfrissítő;3442;356
Nova Szivacs;1499;75
Nova Narancslé;598;90
FreshCo Borotvahab;5366;127
EcoLine Bor;1101;341
Quick&Go Szappan;3399;486
Royal Légfrissítő;2247;425
EcoLine Borotvahab;4688;230
GreenLife Ropi;934;398
MaxPower Borotvahab;3049;225
MaxPower Energiaital;706;171
HappyDay Popcorn;291;77
EcoLine Liszt;1076;32
Bella Tisztítókendő;2722;238
MaxPower Mosogatószer;3911;215
FreshCo Légfrissítő;3635;294
FreshCo Szivacs;1940;152
Royal Tisztítókendő;3561;376
MaxPower Hajbalzsam;4799;112
SmartShop Rágó;179;199
EcoLine Rágó;628;470
Royal Tojás;310;464
Quick&Go Légfrissítő;3215;13
EcoLine Sör;1095;93
Nova Energiaital;820;108
Bella Ablaktisztító;3617;450
Nova WC-papír;1533;427
FreshCo Bor;256;487
HappyDay Ropi;949;490
MaxPower Ásványvíz;558;429
EcoLine Tea;638;64
Quick&Go Mosópor;1392;238
EcoLine Cukorka;770;310
GreenLife Kóla;371;296
Quick&Go Energiaital;918;203
Quick&Go Sajt;1194;52
HappyDay Szelet;965;289
Royal Almalé;1027;338
Royal Chips;813;174
SmartShop Sör;366;221
EcoLine Nápolyi;595;90
Quick&Go Arckrém;5208;396
Nova Szivacs;3882;374
Bella Arckrém;2811;425
SmartShop Energiaital;649;384
Quick&Go Légfrissítő;3236;194
SmartShop Csoki;482;93
Bella Papírtörlő;3767;132
Quick&Go Mogyoró;868;450
